<?xml version="1.0" encoding="utf-8"?>
<beans xmlns="http://www.springframework.org/schema/beans"
	xmlns:xsi="http://www.w3.org/2001/XMLSchema-instance"
	xmlns:aop="http://www.springframework.org/schema/aop"
	xmlns:context="http://www.springframework.org/schema/context"
	xmlns:p="http://www.springframework.org/schema/p"
	xmlns:tx="http://www.springframework.org/schema/tx"
	xsi:schemaLocation="http://www.springframework.org/schema/beans http://www.springframework.org/schema/beans/spring-beans-3.0.xsd
		http://www.springframework.org/schema/aop http://www.springframework.org/schema/aop/spring-aop-3.0.xsd
		http://www.springframework.org/schema/context http://www.springframework.org/schema/context/spring-context-3.0.xsd
		http://www.springframework.org/schema/tx http://www.springframework.org/schema/tx/spring-tx-3.0.xsd">




<bean id="dataSource" class="org.springframework.jdbc.datasource.DriverManagerDataSource">
        <property name="driverClassName" value="com.mysql.jdbc.Driver"/>
        <property name="url" value="jdbc:mysql://localhost:3306/tamkeen"/>
        <property name="username" value="root"/>
        <property name="password" value="root"/>
    </bean>

 <!-- JPA EntityManagerFactory --> 
 <bean id="entityManagerFactory"
  class="org.springframework.orm.jpa.LocalContainerEntityManagerFactoryBean">
  <property name="loadTimeWeaver">
   <bean
    class="org.springframework.instrument.classloading.InstrumentationLoadTimeWeaver" />
  </property>
  <property name="persistenceXmlLocation" value="classpath:META-INF/persistence.xml" />
  <property name="persistenceUnitName" value="ZTMCONTRAT" />
  <property name="dataSource" ref="dataSource" />
  <property name="jpaVendorAdapter">
   <bean class="org.springframework.orm.jpa.vendor.HibernateJpaVendorAdapter">
    <property name="databasePlatform" value="org.hibernate.dialect.MySQL5Dialect" />
    <property name="showSql" value="true" />
   </bean>
  </property>
  <property name="jpaDialect">
   <bean class="org.springframework.orm.jpa.vendor.HibernateJpaDialect">
   </bean>
  </property>
  <property name="jpaProperties">
   <props>
    <prop key="hibernate.hbm2ddl.auto">update</prop><!-- create -->
    <prop key="hibernate.current_session_context_class">thread</prop>
    <prop key="hibernate.cache.provider_class">org.hibernate.cache.NoCacheProvider</prop>
    <prop key="hibernate.show_sql">true</prop>
    <prop key="hibernate.format_sql">false</prop><!-- false -->
    <prop key="hibernate.show_comments">true</prop>
 </props>
  </property>
 </bean>

<!-- <context:component-scan base-package="fluxa.admin.domain.Impl"></context:component-scan> -->
 <!-- Transaction manager for a single JPA EntityManagerFactory (alternative to JTA) -->
 <bean id="transactionManager" class="org.springframework.orm.jpa.JpaTransactionManager"
   p:entityManagerFactory-ref="entityManagerFactory" />
  
 <!-- Activates various annotations to be detected in bean classes for eg @Autowired-->
 <tx:annotation-driven transaction-manager="transactionManager" />
 <context:annotation-config/>



 
 <context:component-scan base-package="isi.ztm.ztmcontrat.daoimplements"></context:component-scan>
 <context:component-scan base-package="isi.ztm.ztmcontrat.serviceimplements"></context:component-scan>


 







</beans>